<?xml version="1.0" encoding="UTF-8" standalone="yes"?>
<office:document-content xmlns:table="urn:oasis:names:tc:opendocument:xmlns:table:1.0" xmlns:office="urn:oasis:names:tc:opendocument:xmlns:office:1.0" xmlns:text="urn:oasis:names:tc:opendocument:xmlns:text:1.0" xmlns:style="urn:oasis:names:tc:opendocument:xmlns:style:1.0" xmlns:draw="urn:oasis:names:tc:opendocument:xmlns:drawing:1.0" xmlns:fo="urn:oasis:names:tc:opendocument:xmlns:xsl-fo-compatible:1.0" xmlns:xlink="http://www.w3.org/1999/xlink" xmlns:dc="http://purl.org/dc/elements/1.1/" xmlns:number="urn:oasis:names:tc:opendocument:xmlns:datastyle:1.0" xmlns:svg="urn:oasis:names:tc:opendocument:xmlns:svg-compatible:1.0" xmlns:of="urn:oasis:names:tc:opendocument:xmlns:of:1.2" office:version="1.2"><office:font-face-decls><style:font-face style:name="Calibri" svg:font-family="Calibri"/><style:font-face style:name="Calibri Light" svg:font-family="&quot;Calibri Light&quot;"/></office:font-face-decls><office:automatic-styles><style:style style:name="ce1" style:family="table-cell" style:parent-style-name="Default" style:data-style-name="N0"/><style:style style:name="ce2" style:family="table-cell" style:parent-style-name="Default" style:data-style-name="N19"><style:table-cell-properties fo:border-top="thin solid #000000" fo:border-bottom="none" fo:border-left="none" fo:border-right="none"/><style:text-properties fo:color="#FF0000" fo:font-size="22pt" style:font-size-asian="22pt" style:font-size-complex="22pt"/></style:style><style:style style:name="ce3" style:family="table-cell" style:parent-style-name="Default" style:data-style-name="N0"><style:table-cell-properties fo:border-top="thin solid #000000" fo:border-bottom="none" fo:border-left="none" fo:border-right="none"/></style:style><style:style style:name="ce4" style:family="table-cell" style:parent-style-name="Default" style:data-style-name="N0"><style:table-cell-properties fo:border-top="thin solid #000000" fo:border-bottom="none" fo:border-left="none" fo:border-right="thin solid #000000"/><style:text-properties fo:font-weight="bold" style:font-weight-asian="bold" style:font-weight-complex="bold"/></style:style><style:style style:name="ce5" style:family="table-cell" style:parent-style-name="Default" style:data-style-name="N36"><style:table-cell-properties fo:border-top="none" fo:border-bottom="thick solid #000000" fo:border-left="none" fo:border-right="none"/></style:style><style:style style:name="ce6" style:family="table-cell" style:parent-style-name="Default" style:data-style-name="N0"><style:table-cell-properties fo:border-top="none" fo:border-bottom="thick solid #000000" fo:border-left="none" fo:border-right="none"/></style:style><style:style style:name="ce7" style:family="table-cell" style:parent-style-name="Default" style:data-style-name="N0"><style:table-cell-properties fo:border-top="none" fo:border-bottom="thick solid #000000" fo:border-left="none" fo:border-right="thin solid #000000"/><style:text-properties fo:color="#9999FF"/></style:style><style:style style:name="ce8" style:family="table-cell" style:parent-style-name="Default" style:data-style-name="N0"><style:table-cell-properties fo:border-top="none" fo:border-bottom="none" fo:border-left="thin solid #000000" fo:border-right="none"/></style:style><style:style style:name="ce9" style:family="table-cell" style:parent-style-name="Default" style:data-style-name="N0"><style:table-cell-properties fo:border-top="none" fo:border-bottom="none" fo:border-left="none" fo:border-right="thin solid #000000"/></style:style><style:style style:name="ce10" style:family="table-cell" style:parent-style-name="Default" style:data-style-name="N0"><style:table-cell-properties fo:border-top="none" fo:border-bottom="none" fo:border-left="none" fo:border-right="thin solid #000000" style:vertical-align="automatic" style:repeat-content="false"/><style:paragraph-properties fo:text-align="center"/></style:style><style:style style:name="ce11" style:family="table-cell" style:parent-style-name="Default" style:data-style-name="N37"><style:table-cell-properties style:vertical-align="automatic" style:repeat-content="false"/><style:paragraph-properties fo:text-align="center"/></style:style><style:style style:name="ce12" style:family="table-cell" style:parent-style-name="Default" style:data-style-name="N0"><style:table-cell-properties fo:border-top="none" fo:border-bottom="thin solid #000000" fo:border-left="thin solid #000000" fo:border-right="none"/></style:style><style:style style:name="ce13" style:family="table-cell" style:parent-style-name="Default" style:data-style-name="N0"><style:table-cell-properties fo:border-top="none" fo:border-bottom="thin solid #000000" fo:border-left="none" fo:border-right="none"/></style:style><style:style style:name="ce14" style:family="table-cell" style:parent-style-name="Default" style:data-style-name="N0"><style:table-cell-properties fo:border-top="none" fo:border-bottom="thin solid #000000" fo:border-left="none" fo:border-right="thin solid #000000"/></style:style><style:style style:name="ce15" style:family="table-cell" style:parent-style-name="Default" style:data-style-name="N0"><style:table-cell-properties style:vertical-align="automatic" style:repeat-content="false"/><style:paragraph-properties fo:text-align="end" fo:margin-right="0cm"/></style:style><style:style style:name="ce16" style:family="table-cell" style:parent-style-name="Default" style:data-style-name="N36"><style:table-cell-properties style:vertical-align="automatic" style:repeat-content="false"/><style:paragraph-properties fo:text-align="center"/><style:text-properties fo:font-size="14pt" style:font-size-asian="14pt" style:font-size-complex="14pt" style:text-underline-style="solid" style:text-underline-type="single" fo:font-weight="bold" style:font-weight-asian="bold" style:font-weight-complex="bold"/></style:style><style:style style:name="ce17" style:family="table-cell" style:parent-style-name="Default" style:data-style-name="N0"><style:table-cell-properties fo:border-top="thin solid #000000" fo:border-bottom="none" fo:border-left="thin solid #000000" fo:border-right="none" style:vertical-align="automatic" style:repeat-content="false"/><style:paragraph-properties fo:text-align="center"/></style:style><style:style style:name="ce18" style:family="table-cell" style:parent-style-name="Default" style:data-style-name="N0"><style:table-cell-properties fo:border-top="thin solid #000000" fo:border-bottom="none" fo:border-left="none" fo:border-right="none" style:vertical-align="automatic" style:repeat-content="false"/><style:paragraph-properties fo:text-align="center"/></style:style><style:style style:name="ce19" style:family="table-cell" style:parent-style-name="Default" style:data-style-name="N0"><style:table-cell-properties fo:border-top="none" fo:border-bottom="thick solid #000000" fo:border-left="thin solid #000000" fo:border-right="none" style:vertical-align="automatic" style:repeat-content="false"/><style:paragraph-properties fo:text-align="center"/></style:style><style:style style:name="ce20" style:family="table-cell" style:parent-style-name="Default" style:data-style-name="N0"><style:table-cell-properties fo:border-top="none" fo:border-bottom="thick solid #000000" fo:border-left="none" fo:border-right="none" style:vertical-align="automatic" style:repeat-content="false"/><style:paragraph-properties fo:text-align="center"/></style:style><style:style style:name="ce21" style:family="table-cell" style:parent-style-name="Default" style:data-style-name="N0"><style:table-cell-properties style:vertical-align="automatic" style:repeat-content="false"/><style:paragraph-properties fo:text-align="center"/></style:style><style:style style:name="co1" style:family="table-column"><style:table-column-properties fo:break-before="auto" style:column-width="0.867833333333333cm"/></style:style><style:style style:name="co2" style:family="table-column"><style:table-column-properties fo:break-before="auto" style:column-width="2.413cm"/></style:style><style:style style:name="co3" style:family="table-column"><style:table-column-properties fo:break-before="auto" style:column-width="4.40266666666667cm"/></style:style><style:style style:name="co4" style:family="table-column"><style:table-column-properties fo:break-before="auto" style:column-width="4.21216666666667cm" style:use-optimal-column-width="true"/></style:style><style:style style:name="co5" style:family="table-column"><style:table-column-properties fo:break-before="auto" style:column-width="2.18016666666667cm"/></style:style><style:style style:name="co6" style:family="table-column"><style:table-column-properties fo:break-before="auto" style:column-width="0.6985cm"/></style:style><style:style style:name="ro1" style:family="table-row"><style:table-row-properties style:row-height="15.75pt" style:use-optimal-row-height="false" fo:break-before="auto"/></style:style><style:style style:name="ro2" style:family="table-row"><style:table-row-properties style:row-height="28.5pt" style:use-optimal-row-height="false" fo:break-before="auto"/></style:style><style:style style:name="ro3" style:family="table-row"><style:table-row-properties style:row-height="15pt" style:use-optimal-row-height="false" fo:break-before="auto"/></style:style><style:style style:name="ro4" style:family="table-row"><style:table-row-properties style:row-height="18.75pt" style:use-optimal-row-height="false" fo:break-before="auto"/></style:style><style:style style:name="ta1" style:family="table" style:master-page-name="mp1"><style:table-properties table:display="true" style:writing-mode="lr-tb"/></style:style></office:automatic-styles><office:body><office:spreadsheet><table:calculation-settings table:case-sensitive="false" table:search-criteria-must-apply-to-whole-cell="true" table:use-wildcards="true" table:use-regular-expressions="false" table:automatic-find-labels="false"/><table:table table:name="Feuil1" table:style-name="ta1"><table:table-column table:style-name="co1" table:default-cell-style-name="ce1"/><table:table-column table:style-name="co2" table:default-cell-style-name="ce1"/><table:table-column table:style-name="co3" table:default-cell-style-name="ce1"/><table:table-column table:style-name="co4" table:default-cell-style-name="ce1"/><table:table-column table:style-name="co5" table:number-columns-repeated="4" table:default-cell-style-name="ce1"/><table:table-column table:style-name="co6" table:default-cell-style-name="ce1"/><table:table-column table:style-name="co5" table:number-columns-repeated="16375" table:default-cell-style-name="ce1"/><table:table-row table:style-name="ro1"><table:table-cell/><table:table-cell table:number-columns-repeated="16383" table:style-name="ce1"/></table:table-row><table:table-row table:style-name="ro2"><table:table-cell/><table:table-cell office:value-type="string" table:number-columns-spanned="2" table:number-rows-spanned="1" table:style-name="ce17"><text:p>Factures editées le :<text:s/></text:p></table:table-cell><table:covered-table-cell/><table:table-cell office:value-type="date" office:date-value="2222-11-22T00:00:00" table:style-name="ce2"><text:p>22/11/2222</text:p></table:table-cell><table:table-cell table:style-name="ce3"/><table:table-cell office:value-type="string" table:number-columns-spanned="2" table:number-rows-spanned="1" table:style-name="ce18"><text:p>Nombre de factures :<text:s/></text:p></table:table-cell><table:covered-table-cell/><table:table-cell office:value-type="float" office:value="123" table:style-name="ce4"><text:p>123</text:p></table:table-cell><table:table-cell table:number-columns-repeated="16376"/></table:table-row><table:table-row table:style-name="ro1"><table:table-cell/><table:table-cell office:value-type="string" table:number-columns-spanned="2" table:number-rows-spanned="1" table:style-name="ce19"><text:p>Montant des factures :</text:p></table:table-cell><table:covered-table-cell/><table:table-cell office:value-type="currency" office:value="999999" table:style-name="ce5"><text:p>999 999,00 €</text:p></table:table-cell><table:table-cell table:style-name="ce6"/><table:table-cell office:value-type="string" table:number-columns-spanned="2" table:number-rows-spanned="1" table:style-name="ce20"><text:p>Nombre de devis :<text:s/></text:p></table:table-cell><table:covered-table-cell/><table:table-cell office:value-type="float" office:value="345" table:style-name="ce7"><text:p>345</text:p></table:table-cell><table:table-cell table:number-columns-repeated="16376"/></table:table-row><table:table-row table:style-name="ro1"><table:table-cell/><table:table-cell table:style-name="ce8"/><table:table-cell table:number-columns-repeated="5" table:style-name="ce1"/><table:table-cell table:style-name="ce9"/><table:table-cell table:number-columns-repeated="16376"/></table:table-row><table:table-row table:style-name="ro3"><table:table-cell/><table:table-cell office:value-type="string" table:style-name="ce8"><text:p>n°facture</text:p></table:table-cell><table:table-cell office:value-type="string" table:style-name="ce1"><text:p>Date</text:p></table:table-cell><table:table-cell office:value-type="string" table:style-name="ce1"><text:p>idclient</text:p></table:table-cell><table:table-cell office:value-type="string" table:style-name="ce1"><text:p>nbLignes</text:p></table:table-cell><table:table-cell office:value-type="string" table:number-columns-spanned="2" table:number-rows-spanned="1" table:style-name="ce21"><text:p>montant moyen de ligne</text:p></table:table-cell><table:covered-table-cell/><table:table-cell office:value-type="string" table:style-name="ce10"><text:p>type</text:p></table:table-cell><table:table-cell table:number-columns-repeated="16376"/></table:table-row><table:table-row table:style-name="ro4"><table:table-cell/><table:table-cell office:value-type="float" office:value="0" table:style-name="ce8"><text:p>0</text:p></table:table-cell><table:table-cell office:value-type="date" office:date-value="2000-01-01T00:00:00" table:style-name="ce11"><text:p>samedi 1 janvier 2000</text:p></table:table-cell><table:table-cell office:value-type="float" office:value="999999" table:style-name="ce1"><text:p>999999</text:p></table:table-cell><table:table-cell office:value-type="float" office:value="789" table:style-name="ce1"><text:p>789</text:p></table:table-cell><table:table-cell office:value-type="currency" office:value="25.58" table:number-columns-spanned="2" table:number-rows-spanned="1" table:style-name="ce16"><text:p>25,58 €</text:p></table:table-cell><table:covered-table-cell/><table:table-cell office:value-type="string" table:style-name="ce9"><text:p>Facture</text:p></table:table-cell><table:table-cell table:number-columns-repeated="16376"/></table:table-row><table:table-row table:style-name="ro4"><table:table-cell/><table:table-cell table:style-name="ce8"/><table:table-cell table:style-name="ce11"/><table:table-cell office:value-type="string" table:number-columns-spanned="2" table:number-rows-spanned="1" table:style-name="ce15"><text:p>Montant total fichier :</text:p></table:table-cell><table:covered-table-cell/><table:table-cell office:value-type="currency" office:value="25.58" table:formula="of:=SUM([.F6:.F6])" table:number-columns-spanned="2" table:number-rows-spanned="1" table:style-name="ce16"><text:p>25,58 €</text:p></table:table-cell><table:covered-table-cell/><table:table-cell table:style-name="ce9"/><table:table-cell table:number-columns-repeated="16376"/></table:table-row><table:table-row table:style-name="ro1"><table:table-cell/><table:table-cell table:style-name="ce12"/><table:table-cell table:number-columns-repeated="5" table:style-name="ce13"/><table:table-cell table:style-name="ce14"/><table:table-cell table:number-columns-repeated="16376"/></table:table-row><table:table-row table:number-rows-repeated="1048568" table:style-name="ro3"><table:table-cell table:number-columns-repeated="16384"/></table:table-row></table:table></office:spreadsheet></office:body></office:document-content>