<?xml version="1.0" encoding="UTF-8" standalone="yes"?>
<office:document-meta xmlns:office="urn:oasis:names:tc:opendocument:xmlns:office:1.0" xmlns:meta="urn:oasis:names:tc:opendocument:xmlns:meta:1.0" xmlns:dc="http://purl.org/dc/elements/1.1/" xmlns:xlink="http://www.w3.org/1999/xlink" office:version="1.2"><office:meta><meta:generator>MicrosoftOffice/16.0 MicrosoftExcel/CalculationVersion-29127</meta:generator><meta:initial-creator>champix</meta:initial-creator><dc:creator>desorbaix alexandre</dc:creator><meta:creation-date>2022-06-30T09:59:08Z</meta:creation-date><dc:date>2025-09-16T13:16:59Z</dc:date></office:meta></office:document-meta>