<?xml version="1.0" encoding="UTF-8" standalone="yes"?>
<office:document-styles xmlns:table="urn:oasis:names:tc:opendocument:xmlns:table:1.0" xmlns:office="urn:oasis:names:tc:opendocument:xmlns:office:1.0" xmlns:text="urn:oasis:names:tc:opendocument:xmlns:text:1.0" xmlns:style="urn:oasis:names:tc:opendocument:xmlns:style:1.0" xmlns:draw="urn:oasis:names:tc:opendocument:xmlns:drawing:1.0" xmlns:fo="urn:oasis:names:tc:opendocument:xmlns:xsl-fo-compatible:1.0" xmlns:xlink="http://www.w3.org/1999/xlink" xmlns:dc="http://purl.org/dc/elements/1.1/" xmlns:number="urn:oasis:names:tc:opendocument:xmlns:datastyle:1.0" xmlns:svg="urn:oasis:names:tc:opendocument:xmlns:svg-compatible:1.0" xmlns:of="urn:oasis:names:tc:opendocument:xmlns:of:1.2" office:version="1.2"><office:font-face-decls><style:font-face style:name="Calibri" svg:font-family="Calibri"/><style:font-face style:name="Calibri Light" svg:font-family="&quot;Calibri Light&quot;"/></office:font-face-decls><office:styles><number:number-style style:name="N0"><number:number number:min-integer-digits="1"/></number:number-style><number:date-style style:name="N19"><number:day number:style="long"/><number:text>/</number:text><number:month number:style="long"/><number:text>/</number:text><number:year number:style="long"/></number:date-style><number:currency-style style:name="N36"><number:number number:decimal-places="2" number:min-integer-digits="1" number:grouping="true"/><number:text> </number:text><number:currency-symbol>€</number:currency-symbol></number:currency-style><number:date-style style:name="N37" number:language="fr" number:country="FR"><number:day-of-week number:style="long"/><number:text>, </number:text><number:month number:style="long" number:textual="true"/><number:text> </number:text><number:day number:style="long"/><number:text>, </number:text><number:year number:style="long"/></number:date-style><style:style style:name="_50_0_160__37__32_-_32_Accent1" style:display-name="20 % - Accent1" style:family="table-cell" style:data-style-name="N0"><style:table-cell-properties fo:background-color="#D9E1F2"/><style:text-properties fo:color="#000000"/></style:style><style:style style:name="_50_0_160__37__32_-_32_Accent2" style:display-name="20 % - Accent2" style:family="table-cell" style:data-style-name="N0"><style:table-cell-properties fo:background-color="#FCE4D6"/><style:text-properties fo:color="#000000"/></style:style><style:style style:name="_50_0_160__37__32_-_32_Accent3" style:display-name="20 % - Accent3" style:family="table-cell" style:data-style-name="N0"><style:table-cell-properties fo:background-color="#EDEDED"/><style:text-properties fo:color="#000000"/></style:style><style:style style:name="_50_0_160__37__32_-_32_Accent4" style:display-name="20 % - Accent4" style:family="table-cell" style:data-style-name="N0"><style:table-cell-properties fo:background-color="#FFF2CC"/><style:text-properties fo:color="#000000"/></style:style><style:style style:name="_50_0_160__37__32_-_32_Accent5" style:display-name="20 % - Accent5" style:family="table-cell" style:data-style-name="N0"><style:table-cell-properties fo:background-color="#DDEBF7"/><style:text-properties fo:color="#000000"/></style:style><style:style style:name="_50_0_160__37__32_-_32_Accent6" style:display-name="20 % - Accent6" style:family="table-cell" style:data-style-name="N0"><style:table-cell-properties fo:background-color="#E2EFDA"/><style:text-properties fo:color="#000000"/></style:style><style:style style:name="_52_0_160__37__32_-_32_Accent1" style:display-name="40 % - Accent1" style:family="table-cell" style:data-style-name="N0"><style:table-cell-properties fo:background-color="#B4C6E7"/><style:text-properties fo:color="#000000"/></style:style><style:style style:name="_52_0_160__37__32_-_32_Accent2" style:display-name="40 % - Accent2" style:family="table-cell" style:data-style-name="N0"><style:table-cell-properties fo:background-color="#F8CBAD"/><style:text-properties fo:color="#000000"/></style:style><style:style style:name="_52_0_160__37__32_-_32_Accent3" style:display-name="40 % - Accent3" style:family="table-cell" style:data-style-name="N0"><style:table-cell-properties fo:background-color="#DBDBDB"/><style:text-properties fo:color="#000000"/></style:style><style:style style:name="_52_0_160__37__32_-_32_Accent4" style:display-name="40 % - Accent4" style:family="table-cell" style:data-style-name="N0"><style:table-cell-properties fo:background-color="#FFE699"/><style:text-properties fo:color="#000000"/></style:style><style:style style:name="_52_0_160__37__32_-_32_Accent5" style:display-name="40 % - Accent5" style:family="table-cell" style:data-style-name="N0"><style:table-cell-properties fo:background-color="#BDD7EE"/><style:text-properties fo:color="#000000"/></style:style><style:style style:name="_52_0_160__37__32_-_32_Accent6" style:display-name="40 % - Accent6" style:family="table-cell" style:data-style-name="N0"><style:table-cell-properties fo:background-color="#C6E0B4"/><style:text-properties fo:color="#000000"/></style:style><style:style style:name="_54_0_160__37__32_-_32_Accent1" style:display-name="60 % - Accent1" style:family="table-cell" style:data-style-name="N0"><style:table-cell-properties fo:background-color="#8EA9DB"/><style:text-properties fo:color="#000000"/></style:style><style:style style:name="_54_0_160__37__32_-_32_Accent2" style:display-name="60 % - Accent2" style:family="table-cell" style:data-style-name="N0"><style:table-cell-properties fo:background-color="#F4B084"/><style:text-properties fo:color="#000000"/></style:style><style:style style:name="_54_0_160__37__32_-_32_Accent3" style:display-name="60 % - Accent3" style:family="table-cell" style:data-style-name="N0"><style:table-cell-properties fo:background-color="#C9C9C9"/><style:text-properties fo:color="#000000"/></style:style><style:style style:name="_54_0_160__37__32_-_32_Accent4" style:display-name="60 % - Accent4" style:family="table-cell" style:data-style-name="N0"><style:table-cell-properties fo:background-color="#FFD966"/><style:text-properties fo:color="#000000"/></style:style><style:style style:name="_54_0_160__37__32_-_32_Accent5" style:display-name="60 % - Accent5" style:family="table-cell" style:data-style-name="N0"><style:table-cell-properties fo:background-color="#9BC2E6"/><style:text-properties fo:color="#000000"/></style:style><style:style style:name="_54_0_160__37__32_-_32_Accent6" style:display-name="60 % - Accent6" style:family="table-cell" style:data-style-name="N0"><style:table-cell-properties fo:background-color="#A9D08E"/><style:text-properties fo:color="#000000"/></style:style><style:style style:name="Accent1" style:family="table-cell" style:data-style-name="N0"><style:table-cell-properties fo:background-color="#4472C4"/><style:text-properties fo:color="#FFFFFF"/></style:style><style:style style:name="Accent2" style:family="table-cell" style:data-style-name="N0"><style:table-cell-properties fo:background-color="#ED7D31"/><style:text-properties fo:color="#FFFFFF"/></style:style><style:style style:name="Accent3" style:family="table-cell" style:data-style-name="N0"><style:table-cell-properties fo:background-color="#A5A5A5"/><style:text-properties fo:color="#FFFFFF"/></style:style><style:style style:name="Accent4" style:family="table-cell" style:data-style-name="N0"><style:table-cell-properties fo:background-color="#FFC000"/><style:text-properties fo:color="#FFFFFF"/></style:style><style:style style:name="Accent5" style:family="table-cell" style:data-style-name="N0"><style:table-cell-properties fo:background-color="#5B9BD5"/><style:text-properties fo:color="#FFFFFF"/></style:style><style:style style:name="Accent6" style:family="table-cell" style:data-style-name="N0"><style:table-cell-properties fo:background-color="#70AD47"/><style:text-properties fo:color="#FFFFFF"/></style:style><style:style style:name="Avertissement" style:family="table-cell" style:data-style-name="N0"><style:text-properties fo:color="#FF0000"/></style:style><style:style style:name="Calcul" style:family="table-cell" style:data-style-name="N0"><style:table-cell-properties fo:border="thin solid #7F7F7F" fo:background-color="#F2F2F2"/><style:text-properties fo:color="#FA7D00" fo:font-weight="bold" style:font-weight-asian="bold" style:font-weight-complex="bold"/></style:style><style:style style:name="Cellule_32_li_233_e" style:display-name="Cellule liée" style:family="table-cell" style:data-style-name="N0"><style:table-cell-properties fo:border-top="none" fo:border-bottom="thin double #FF8001" fo:border-left="none" fo:border-right="none"/><style:text-properties fo:color="#FA7D00"/></style:style><style:style style:name="Entr_233_e" style:display-name="Entrée" style:family="table-cell" style:data-style-name="N0"><style:table-cell-properties fo:border="thin solid #7F7F7F" fo:background-color="#FFCC99"/><style:text-properties fo:color="#3F3F76"/></style:style><style:style style:name="Insatisfaisant" style:family="table-cell" style:data-style-name="N0"><style:table-cell-properties fo:background-color="#FFC7CE"/><style:text-properties fo:color="#9C0006"/></style:style><style:style style:name="Neutre" style:family="table-cell" style:data-style-name="N0"><style:table-cell-properties fo:background-color="#FFEB9C"/><style:text-properties fo:color="#9C5700"/></style:style><style:style style:name="Default" style:family="table-cell" style:data-style-name="N0"><style:table-cell-properties style:vertical-align="automatic" fo:background-color="transparent"/><style:text-properties fo:color="#000000" style:font-name="Calibri" style:font-name-asian="Calibri" style:font-name-complex="Calibri" fo:font-size="11pt" style:font-size-asian="11pt" style:font-size-complex="11pt"/></style:style><style:style style:name="Note" style:family="table-cell" style:data-style-name="N0"><style:table-cell-properties fo:border="thin solid #B2B2B2" fo:background-color="#FFFFCC"/></style:style><style:style style:name="Satisfaisant" style:family="table-cell" style:data-style-name="N0"><style:table-cell-properties fo:background-color="#C6EFCE"/><style:text-properties fo:color="#006100"/></style:style><style:style style:name="Sortie" style:family="table-cell" style:data-style-name="N0"><style:table-cell-properties fo:border="thin solid #3F3F3F" fo:background-color="#F2F2F2"/><style:text-properties fo:color="#3F3F3F" fo:font-weight="bold" style:font-weight-asian="bold" style:font-weight-complex="bold"/></style:style><style:style style:name="Texte_32_explicatif" style:display-name="Texte explicatif" style:family="table-cell" style:data-style-name="N0"><style:text-properties fo:color="#7F7F7F" fo:font-style="italic" style:font-style-asian="italic" style:font-style-complex="italic"/></style:style><style:style style:name="Titre" style:family="table-cell" style:data-style-name="N0"><style:text-properties fo:color="#44546A" style:font-name="Calibri Light" style:font-name-asian="Calibri Light" style:font-name-complex="Calibri Light" fo:font-size="18pt" style:font-size-asian="18pt" style:font-size-complex="18pt"/></style:style><style:style style:name="Titre_160_1" style:display-name="Titre 1" style:family="table-cell" style:data-style-name="N0"><style:table-cell-properties fo:border-top="none" fo:border-bottom="thick solid #4472C4" fo:border-left="none" fo:border-right="none"/><style:text-properties fo:color="#44546A" fo:font-size="15pt" style:font-size-asian="15pt" style:font-size-complex="15pt" fo:font-weight="bold" style:font-weight-asian="bold" style:font-weight-complex="bold"/></style:style><style:style style:name="Titre_160_2" style:display-name="Titre 2" style:family="table-cell" style:data-style-name="N0"><style:table-cell-properties fo:border-top="none" fo:border-bottom="thick solid #A2B8E1" fo:border-left="none" fo:border-right="none"/><style:text-properties fo:color="#44546A" fo:font-size="13pt" style:font-size-asian="13pt" style:font-size-complex="13pt" fo:font-weight="bold" style:font-weight-asian="bold" style:font-weight-complex="bold"/></style:style><style:style style:name="Titre_160_3" style:display-name="Titre 3" style:family="table-cell" style:data-style-name="N0"><style:table-cell-properties fo:border-top="none" fo:border-bottom="2pt solid #8EA9DB" fo:border-left="none" fo:border-right="none"/><style:text-properties fo:color="#44546A" fo:font-weight="bold" style:font-weight-asian="bold" style:font-weight-complex="bold"/></style:style><style:style style:name="Titre_160_4" style:display-name="Titre 4" style:family="table-cell" style:data-style-name="N0"><style:text-properties fo:color="#44546A" fo:font-weight="bold" style:font-weight-asian="bold" style:font-weight-complex="bold"/></style:style><style:style style:name="Total" style:family="table-cell" style:data-style-name="N0"><style:table-cell-properties fo:border-top="thin solid #4472C4" fo:border-bottom="thin double #4472C4" fo:border-left="none" fo:border-right="none"/><style:text-properties fo:color="#000000" fo:font-weight="bold" style:font-weight-asian="bold" style:font-weight-complex="bold"/></style:style><style:style style:name="V_233_rification" style:display-name="Vérification" style:family="table-cell" style:data-style-name="N0"><style:table-cell-properties fo:border="thin double #3F3F3F" fo:background-color="#A5A5A5"/><style:text-properties fo:color="#FFFFFF" fo:font-weight="bold" style:font-weight-asian="bold" style:font-weight-complex="bold"/></style:style></office:styles><office:automatic-styles><style:page-layout style:name="pm1"><style:page-layout-properties fo:margin-top="0.3in" fo:margin-bottom="0.3in" fo:margin-left="0.7in" fo:margin-right="0.7in" style:print-orientation="portrait" style:print-page-order="ttb" style:first-page-number="continue" style:scale-to="100%" style:table-centering="none" style:print="objects charts drawings"/><style:header-style><style:header-footer-properties fo:min-height="0.45in" fo:margin-left="0.7in" fo:margin-right="0.7in" fo:margin-bottom="0in"/></style:header-style><style:footer-style><style:header-footer-properties fo:min-height="0.45in" fo:margin-left="0.7in" fo:margin-right="0.7in" fo:margin-top="0in"/></style:footer-style></style:page-layout></office:automatic-styles><office:master-styles><style:master-page style:name="mp1" style:page-layout-name="pm1"><style:header/><style:header-left style:display="false"/><style:footer/><style:footer-left style:display="false"/></style:master-page></office:master-styles></office:document-styles>