<?xml version="1.0" encoding="UTF-8" standalone="yes"?>
<office:document-content xmlns:anim="urn:oasis:names:tc:opendocument:xmlns:animation:1.0" xmlns:chart="urn:oasis:names:tc:opendocument:xmlns:chart:1.0" xmlns:config="urn:oasis:names:tc:opendocument:xmlns:config:1.0" xmlns:db="urn:oasis:names:tc:opendocument:xmlns:database:1.0" xmlns:dc="http://purl.org/dc/elements/1.1/" xmlns:dr3d="urn:oasis:names:tc:opendocument:xmlns:dr3d:1.0" xmlns:draw="urn:oasis:names:tc:opendocument:xmlns:drawing:1.0" xmlns:fo="urn:oasis:names:tc:opendocument:xmlns:xsl-fo-compatible:1.0" xmlns:form="urn:oasis:names:tc:opendocument:xmlns:form:1.0" xmlns:grddl="http://www.w3.org/2003/g/data-view#" xmlns:math="http://www.w3.org/1998/Math/MathML" xmlns:meta="urn:oasis:names:tc:opendocument:xmlns:meta:1.0" xmlns:number="urn:oasis:names:tc:opendocument:xmlns:datastyle:1.0" xmlns:office="urn:oasis:names:tc:opendocument:xmlns:office:1.0" xmlns:presentation="urn:oasis:names:tc:opendocument:xmlns:presentation:1.0" xmlns:script="urn:oasis:names:tc:opendocument:xmlns:script:1.0" xmlns:smil="urn:oasis:names:tc:opendocument:xmlns:smil-compatible:1.0" xmlns:style="urn:oasis:names:tc:opendocument:xmlns:style:1.0" xmlns:svg="urn:oasis:names:tc:opendocument:xmlns:svg-compatible:1.0" xmlns:table="urn:oasis:names:tc:opendocument:xmlns:table:1.0" xmlns:text="urn:oasis:names:tc:opendocument:xmlns:text:1.0" xmlns:xforms="http://www.w3.org/2002/xforms" xmlns:xhtml="http://www.w3.org/1999/xhtml" xmlns:xlink="http://www.w3.org/1999/xlink" office:version="1.2"><office:font-face-decls><style:font-face style:name="Calibri" svg:font-family="Calibri" style:font-family-generic="swiss" style:font-pitch="variable" svg:panose-1="2 15 5 2 2 2 4 3 2 4"/><style:font-face style:name="Times New Roman" svg:font-family="Times New Roman" style:font-family-generic="roman" style:font-pitch="variable" svg:panose-1="2 2 6 3 5 4 5 2 3 4"/><style:font-face style:name="Calibri Light" svg:font-family="Calibri Light" style:font-family-generic="swiss" style:font-pitch="variable" svg:panose-1="2 15 3 2 2 2 4 3 2 4"/><style:font-face style:name="Symbol" style:font-charset="x-symbol" svg:font-family="Symbol" style:font-family-generic="roman" style:font-pitch="variable" svg:panose-1="5 5 1 2 1 7 6 2 5 7"/><style:font-face style:name="Courier New" svg:font-family="Courier New" style:font-family-generic="modern" style:font-pitch="fixed" svg:panose-1="2 7 3 9 2 2 5 2 4 4"/><style:font-face style:name="Wingdings" style:font-charset="x-symbol" svg:font-family="Wingdings" style:font-family-generic="system" style:font-pitch="variable" svg:panose-1="5 0 0 0 0 0 0 0 0 0"/></office:font-face-decls><office:automatic-styles><text:list-style style:name="LFO1"><text:list-level-style-bullet text:level="1" text:style-name="WW_CharLFO1LVL1" text:bullet-char=""><style:list-level-properties text:space-before="0.25in" text:min-label-width="0.25in" text:list-level-position-and-space-mode="label-alignment"><style:list-level-label-alignment text:label-followed-by="listtab" fo:margin-left="0.5in" fo:text-indent="-0.25in"/></style:list-level-properties><style:text-properties style:font-name="Symbol"/></text:list-level-style-bullet><text:list-level-style-bullet text:level="2" text:style-name="WW_CharLFO1LVL2" text:bullet-char="o"><style:list-level-properties text:space-before="0.75in" text:min-label-width="0.25in" text:list-level-position-and-space-mode="label-alignment"><style:list-level-label-alignment text:label-followed-by="listtab" fo:margin-left="1in" fo:text-indent="-0.25in"/></style:list-level-properties><style:text-properties style:font-name="Courier New"/></text:list-level-style-bullet><text:list-level-style-bullet text:level="3" text:style-name="WW_CharLFO1LVL3" text:bullet-char=""><style:list-level-properties text:space-before="1.25in" text:min-label-width="0.25in" text:list-level-position-and-space-mode="label-alignment"><style:list-level-label-alignment text:label-followed-by="listtab" fo:margin-left="1.5in" fo:text-indent="-0.25in"/></style:list-level-properties><style:text-properties style:font-name="Wingdings"/></text:list-level-style-bullet><text:list-level-style-bullet text:level="4" text:style-name="WW_CharLFO1LVL4" text:bullet-char=""><style:list-level-properties text:space-before="1.75in" text:min-label-width="0.25in" text:list-level-position-and-space-mode="label-alignment"><style:list-level-label-alignment text:label-followed-by="listtab" fo:margin-left="2in" fo:text-indent="-0.25in"/></style:list-level-properties><style:text-properties style:font-name="Symbol"/></text:list-level-style-bullet><text:list-level-style-bullet text:level="5" text:style-name="WW_CharLFO1LVL5" text:bullet-char="o"><style:list-level-properties text:space-before="2.25in" text:min-label-width="0.25in" text:list-level-position-and-space-mode="label-alignment"><style:list-level-label-alignment text:label-followed-by="listtab" fo:margin-left="2.5in" fo:text-indent="-0.25in"/></style:list-level-properties><style:text-properties style:font-name="Courier New"/></text:list-level-style-bullet><text:list-level-style-bullet text:level="6" text:style-name="WW_CharLFO1LVL6" text:bullet-char=""><style:list-level-properties text:space-before="2.75in" text:min-label-width="0.25in" text:list-level-position-and-space-mode="label-alignment"><style:list-level-label-alignment text:label-followed-by="listtab" fo:margin-left="3in" fo:text-indent="-0.25in"/></style:list-level-properties><style:text-properties style:font-name="Wingdings"/></text:list-level-style-bullet><text:list-level-style-bullet text:level="7" text:style-name="WW_CharLFO1LVL7" text:bullet-char=""><style:list-level-properties text:space-before="3.25in" text:min-label-width="0.25in" text:list-level-position-and-space-mode="label-alignment"><style:list-level-label-alignment text:label-followed-by="listtab" fo:margin-left="3.5in" fo:text-indent="-0.25in"/></style:list-level-properties><style:text-properties style:font-name="Symbol"/></text:list-level-style-bullet><text:list-level-style-bullet text:level="8" text:style-name="WW_CharLFO1LVL8" text:bullet-char="o"><style:list-level-properties text:space-before="3.75in" text:min-label-width="0.25in" text:list-level-position-and-space-mode="label-alignment"><style:list-level-label-alignment text:label-followed-by="listtab" fo:margin-left="4in" fo:text-indent="-0.25in"/></style:list-level-properties><style:text-properties style:font-name="Courier New"/></text:list-level-style-bullet><text:list-level-style-bullet text:level="9" text:style-name="WW_CharLFO1LVL9" text:bullet-char=""><style:list-level-properties text:space-before="4.25in" text:min-label-width="0.25in" text:list-level-position-and-space-mode="label-alignment"><style:list-level-label-alignment text:label-followed-by="listtab" fo:margin-left="4.5in" fo:text-indent="-0.25in"/></style:list-level-properties><style:text-properties style:font-name="Wingdings"/></text:list-level-style-bullet></text:list-style><style:style style:name="P1" style:parent-style-name="Titre" style:master-page-name="MP0" style:family="paragraph"><style:paragraph-properties fo:break-before="page"/></style:style><style:style style:name="P5" style:parent-style-name="Paragraphedeliste" style:list-style-name="LFO1" style:family="paragraph"/><style:style style:name="P6" style:parent-style-name="Paragraphedeliste" style:list-style-name="LFO1" style:family="paragraph"/></office:automatic-styles><office:body><office:text text:use-soft-page-breaks="true"><text:p text:style-name="P1">Contenu des factures</text:p><text:h text:style-name="Titre1" text:outline-level="1">Liste des devis :</text:h><text:list text:style-name="LFO1" text:continue-numbering="true"><text:list-item><text:p text:style-name="P5">Devis N°123 Client B23 montant :5.99€</text:p></text:list-item></text:list><text:h text:style-name="Titre1" text:outline-level="1">Liste Factures :</text:h><text:list text:style-name="LFO1" text:continue-numbering="true"><text:list-item><text:p text:style-name="P6">Facture N° 123 Client B456 montant : 5.99€</text:p></text:list-item></text:list><text:p text:style-name="Normal"/><text:p text:style-name="Normal">Synthèse des factures effectué le : now()</text:p><text:p text:style-name="Normal"/><text:p text:style-name="Normal"/></office:text></office:body></office:document-content>