<?xml version="1.0" encoding="UTF-8" standalone="yes"?>
<office:document-styles xmlns:anim="urn:oasis:names:tc:opendocument:xmlns:animation:1.0" xmlns:chart="urn:oasis:names:tc:opendocument:xmlns:chart:1.0" xmlns:config="urn:oasis:names:tc:opendocument:xmlns:config:1.0" xmlns:db="urn:oasis:names:tc:opendocument:xmlns:database:1.0" xmlns:dc="http://purl.org/dc/elements/1.1/" xmlns:dr3d="urn:oasis:names:tc:opendocument:xmlns:dr3d:1.0" xmlns:draw="urn:oasis:names:tc:opendocument:xmlns:drawing:1.0" xmlns:fo="urn:oasis:names:tc:opendocument:xmlns:xsl-fo-compatible:1.0" xmlns:form="urn:oasis:names:tc:opendocument:xmlns:form:1.0" xmlns:grddl="http://www.w3.org/2003/g/data-view#" xmlns:math="http://www.w3.org/1998/Math/MathML" xmlns:meta="urn:oasis:names:tc:opendocument:xmlns:meta:1.0" xmlns:number="urn:oasis:names:tc:opendocument:xmlns:datastyle:1.0" xmlns:office="urn:oasis:names:tc:opendocument:xmlns:office:1.0" xmlns:presentation="urn:oasis:names:tc:opendocument:xmlns:presentation:1.0" xmlns:script="urn:oasis:names:tc:opendocument:xmlns:script:1.0" xmlns:smil="urn:oasis:names:tc:opendocument:xmlns:smil-compatible:1.0" xmlns:style="urn:oasis:names:tc:opendocument:xmlns:style:1.0" xmlns:svg="urn:oasis:names:tc:opendocument:xmlns:svg-compatible:1.0" xmlns:table="urn:oasis:names:tc:opendocument:xmlns:table:1.0" xmlns:text="urn:oasis:names:tc:opendocument:xmlns:text:1.0" xmlns:xforms="http://www.w3.org/2002/xforms" xmlns:xhtml="http://www.w3.org/1999/xhtml" xmlns:xlink="http://www.w3.org/1999/xlink" office:version="1.2"><office:font-face-decls><style:font-face style:name="Calibri" svg:font-family="Calibri" style:font-family-generic="swiss" style:font-pitch="variable" svg:panose-1="2 15 5 2 2 2 4 3 2 4"/><style:font-face style:name="Times New Roman" svg:font-family="Times New Roman" style:font-family-generic="roman" style:font-pitch="variable" svg:panose-1="2 2 6 3 5 4 5 2 3 4"/><style:font-face style:name="Calibri Light" svg:font-family="Calibri Light" style:font-family-generic="swiss" style:font-pitch="variable" svg:panose-1="2 15 3 2 2 2 4 3 2 4"/><style:font-face style:name="Symbol" style:font-charset="x-symbol" svg:font-family="Symbol" style:font-family-generic="roman" style:font-pitch="variable" svg:panose-1="5 5 1 2 1 7 6 2 5 7"/><style:font-face style:name="Courier New" svg:font-family="Courier New" style:font-family-generic="modern" style:font-pitch="fixed" svg:panose-1="2 7 3 9 2 2 5 2 4 4"/><style:font-face style:name="Wingdings" style:font-charset="x-symbol" svg:font-family="Wingdings" style:font-family-generic="system" style:font-pitch="variable" svg:panose-1="5 0 0 0 0 0 0 0 0 0"/></office:font-face-decls><office:styles><style:default-style style:family="table"><style:table-properties fo:margin-left="0in" table:border-model="collapsing" style:writing-mode="lr-tb" table:align="left"/></style:default-style><style:default-style style:family="table-column"><style:table-column-properties style:use-optimal-column-width="true"/></style:default-style><style:default-style style:family="table-row"><style:table-row-properties style:min-row-height="0in" style:use-optimal-row-height="true" fo:keep-together="auto"/></style:default-style><style:default-style style:family="table-cell"><style:table-cell-properties fo:background-color="transparent" style:glyph-orientation-vertical="auto" style:vertical-align="top" fo:wrap-option="wrap"/></style:default-style><style:default-style style:family="paragraph"><style:paragraph-properties fo:keep-with-next="auto" fo:keep-together="auto" fo:widows="2" fo:orphans="2" fo:break-before="auto" text:number-lines="true" fo:border="none" fo:padding="0in" style:shadow="none" style:line-break="strict" style:punctuation-wrap="hanging" style:text-autospace="ideograph-alpha" style:snap-to-layout-grid="true" fo:text-align="start" style:writing-mode="lr-tb" fo:margin-bottom="0.1111in" fo:line-height="107%" fo:background-color="transparent" style:tab-stop-distance="0.4916in"/><style:text-properties style:font-name="Calibri" style:font-name-asian="Calibri" style:font-name-complex="Times New Roman" fo:font-weight="normal" style:font-weight-asian="normal" style:font-weight-complex="normal" fo:font-style="normal" style:font-style-asian="normal" style:font-style-complex="normal" fo:text-transform="none" fo:font-variant="normal" style:text-line-through-type="none" style:text-outline="false" style:font-relief="none" style:use-window-font-color="true" fo:letter-spacing="normal" style:text-scale="100%" style:letter-kerning="true" style:text-position="0% 100%" fo:font-size="11pt" style:font-size-asian="11pt" style:font-size-complex="11pt" fo:background-color="transparent" style:text-underline-type="none" style:text-underline-color="font-color" style:text-emphasize="none" fo:language="fr" fo:country="FR" style:language-asian="en" style:country-asian="US" style:language-complex="ar" style:country-complex="SA" style:text-combine="none" fo:hyphenate="true"/></style:default-style><style:style style:name="Titre1" style:display-name="Titre 1" style:family="paragraph" style:parent-style-name="Normal" style:next-style-name="Normal" style:default-outline-level="1"><style:paragraph-properties fo:keep-with-next="always" fo:keep-together="always" fo:margin-top="0.25in" fo:margin-bottom="0.0555in"/><style:text-properties style:font-name="Calibri Light" style:font-name-asian="Times New Roman" style:font-name-complex="Times New Roman" fo:color="#2F5496" fo:font-size="20pt" style:font-size-asian="20pt" style:font-size-complex="20pt" fo:hyphenate="false"/></style:style><style:style style:name="Titre2" style:display-name="Titre 2" style:family="paragraph" style:parent-style-name="Normal" style:next-style-name="Normal" style:default-outline-level="2"><style:paragraph-properties fo:keep-with-next="always" fo:keep-together="always" fo:margin-top="0.1111in" fo:margin-bottom="0.0555in"/><style:text-properties style:font-name="Calibri Light" style:font-name-asian="Times New Roman" style:font-name-complex="Times New Roman" fo:color="#2F5496" fo:font-size="16pt" style:font-size-asian="16pt" style:font-size-complex="16pt" fo:hyphenate="false"/></style:style><style:style style:name="Titre3" style:display-name="Titre 3" style:family="paragraph" style:parent-style-name="Normal" style:next-style-name="Normal" style:default-outline-level="3"><style:paragraph-properties fo:keep-with-next="always" fo:keep-together="always" fo:margin-top="0.1111in" fo:margin-bottom="0.0555in"/><style:text-properties style:font-name-asian="Times New Roman" style:font-name-complex="Times New Roman" fo:color="#2F5496" fo:font-size="14pt" style:font-size-asian="14pt" style:font-size-complex="14pt" fo:hyphenate="false"/></style:style><style:style style:name="Titre4" style:display-name="Titre 4" style:family="paragraph" style:parent-style-name="Normal" style:next-style-name="Normal" style:default-outline-level="4"><style:paragraph-properties fo:keep-with-next="always" fo:keep-together="always" fo:margin-top="0.0555in" fo:margin-bottom="0.0277in"/><style:text-properties style:font-name-asian="Times New Roman" style:font-name-complex="Times New Roman" fo:font-style="italic" style:font-style-asian="italic" style:font-style-complex="italic" fo:color="#2F5496" fo:hyphenate="false"/></style:style><style:style style:name="Titre5" style:display-name="Titre 5" style:family="paragraph" style:parent-style-name="Normal" style:next-style-name="Normal" style:default-outline-level="5"><style:paragraph-properties fo:keep-with-next="always" fo:keep-together="always" fo:margin-top="0.0555in" fo:margin-bottom="0.0277in"/><style:text-properties style:font-name-asian="Times New Roman" style:font-name-complex="Times New Roman" fo:color="#2F5496" fo:hyphenate="false"/></style:style><style:style style:name="Titre6" style:display-name="Titre 6" style:family="paragraph" style:parent-style-name="Normal" style:next-style-name="Normal" style:default-outline-level="6"><style:paragraph-properties fo:keep-with-next="always" fo:keep-together="always" fo:margin-top="0.0277in" fo:margin-bottom="0in"/><style:text-properties style:font-name-asian="Times New Roman" style:font-name-complex="Times New Roman" fo:font-style="italic" style:font-style-asian="italic" style:font-style-complex="italic" fo:color="#595959" fo:hyphenate="false"/></style:style><style:style style:name="Titre7" style:display-name="Titre 7" style:family="paragraph" style:parent-style-name="Normal" style:next-style-name="Normal" style:default-outline-level="7"><style:paragraph-properties fo:keep-with-next="always" fo:keep-together="always" fo:margin-top="0.0277in" fo:margin-bottom="0in"/><style:text-properties style:font-name-asian="Times New Roman" style:font-name-complex="Times New Roman" fo:color="#595959" fo:hyphenate="false"/></style:style><style:style style:name="Titre8" style:display-name="Titre 8" style:family="paragraph" style:parent-style-name="Normal" style:next-style-name="Normal" style:default-outline-level="8"><style:paragraph-properties fo:keep-with-next="always" fo:keep-together="always" fo:margin-bottom="0in"/><style:text-properties style:font-name-asian="Times New Roman" style:font-name-complex="Times New Roman" fo:font-style="italic" style:font-style-asian="italic" style:font-style-complex="italic" fo:color="#272727" fo:hyphenate="false"/></style:style><style:style style:name="Titre9" style:display-name="Titre 9" style:family="paragraph" style:parent-style-name="Normal" style:next-style-name="Normal" style:default-outline-level="9"><style:paragraph-properties fo:keep-with-next="always" fo:keep-together="always" fo:margin-bottom="0in"/><style:text-properties style:font-name-asian="Times New Roman" style:font-name-complex="Times New Roman" fo:color="#272727" fo:hyphenate="false"/></style:style><style:style style:name="Normal" style:display-name="Normal" style:family="paragraph"><style:text-properties fo:hyphenate="false"/></style:style><style:style style:name="Policepardéfaut" style:display-name="Police par défaut" style:family="text"/><style:style style:name="Titre1Car" style:display-name="Titre 1 Car" style:family="text" style:parent-style-name="Policepardéfaut"><style:text-properties style:font-name="Calibri Light" style:font-name-asian="Times New Roman" style:font-name-complex="Times New Roman" fo:color="#2F5496" fo:font-size="20pt" style:font-size-asian="20pt" style:font-size-complex="20pt"/></style:style><style:style style:name="Titre2Car" style:display-name="Titre 2 Car" style:family="text" style:parent-style-name="Policepardéfaut"><style:text-properties style:font-name="Calibri Light" style:font-name-asian="Times New Roman" style:font-name-complex="Times New Roman" fo:color="#2F5496" fo:font-size="16pt" style:font-size-asian="16pt" style:font-size-complex="16pt"/></style:style><style:style style:name="Titre3Car" style:display-name="Titre 3 Car" style:family="text" style:parent-style-name="Policepardéfaut"><style:text-properties style:font-name-asian="Times New Roman" style:font-name-complex="Times New Roman" fo:color="#2F5496" fo:font-size="14pt" style:font-size-asian="14pt" style:font-size-complex="14pt"/></style:style><style:style style:name="Titre4Car" style:display-name="Titre 4 Car" style:family="text" style:parent-style-name="Policepardéfaut"><style:text-properties style:font-name-asian="Times New Roman" style:font-name-complex="Times New Roman" fo:font-style="italic" style:font-style-asian="italic" style:font-style-complex="italic" fo:color="#2F5496"/></style:style><style:style style:name="Titre5Car" style:display-name="Titre 5 Car" style:family="text" style:parent-style-name="Policepardéfaut"><style:text-properties style:font-name-asian="Times New Roman" style:font-name-complex="Times New Roman" fo:color="#2F5496"/></style:style><style:style style:name="Titre6Car" style:display-name="Titre 6 Car" style:family="text" style:parent-style-name="Policepardéfaut"><style:text-properties style:font-name-asian="Times New Roman" style:font-name-complex="Times New Roman" fo:font-style="italic" style:font-style-asian="italic" style:font-style-complex="italic" fo:color="#595959"/></style:style><style:style style:name="Titre7Car" style:display-name="Titre 7 Car" style:family="text" style:parent-style-name="Policepardéfaut"><style:text-properties style:font-name-asian="Times New Roman" style:font-name-complex="Times New Roman" fo:color="#595959"/></style:style><style:style style:name="Titre8Car" style:display-name="Titre 8 Car" style:family="text" style:parent-style-name="Policepardéfaut"><style:text-properties style:font-name-asian="Times New Roman" style:font-name-complex="Times New Roman" fo:font-style="italic" style:font-style-asian="italic" style:font-style-complex="italic" fo:color="#272727"/></style:style><style:style style:name="Titre9Car" style:display-name="Titre 9 Car" style:family="text" style:parent-style-name="Policepardéfaut"><style:text-properties style:font-name-asian="Times New Roman" style:font-name-complex="Times New Roman" fo:color="#272727"/></style:style><style:style style:name="Titre" style:display-name="Titre" style:family="paragraph" style:parent-style-name="Normal" style:next-style-name="Normal"><style:paragraph-properties fo:margin-bottom="0.0555in" fo:line-height="100%"/><style:text-properties style:font-name="Calibri Light" style:font-name-asian="Times New Roman" style:font-name-complex="Times New Roman" fo:letter-spacing="-0.0069in" style:letter-kerning="true" fo:font-size="28pt" style:font-size-asian="28pt" style:font-size-complex="28pt" fo:hyphenate="false"/></style:style><style:style style:name="TitreCar" style:display-name="Titre Car" style:family="text" style:parent-style-name="Policepardéfaut"><style:text-properties style:font-name="Calibri Light" style:font-name-asian="Times New Roman" style:font-name-complex="Times New Roman" fo:letter-spacing="-0.0069in" style:letter-kerning="true" fo:font-size="28pt" style:font-size-asian="28pt" style:font-size-complex="28pt"/></style:style><style:style style:name="Sous-titre" style:display-name="Sous-titre" style:family="paragraph" style:parent-style-name="Normal" style:next-style-name="Normal"><style:text-properties style:font-name-asian="Times New Roman" style:font-name-complex="Times New Roman" fo:color="#595959" fo:letter-spacing="0.0104in" fo:font-size="14pt" style:font-size-asian="14pt" style:font-size-complex="14pt" fo:hyphenate="false"/></style:style><style:style style:name="Sous-titreCar" style:display-name="Sous-titre Car" style:family="text" style:parent-style-name="Policepardéfaut"><style:text-properties style:font-name-asian="Times New Roman" style:font-name-complex="Times New Roman" fo:color="#595959" fo:letter-spacing="0.0104in" fo:font-size="14pt" style:font-size-asian="14pt" style:font-size-complex="14pt"/></style:style><style:style style:name="Citation" style:display-name="Citation" style:family="paragraph" style:parent-style-name="Normal" style:next-style-name="Normal"><style:paragraph-properties fo:text-align="center" fo:margin-top="0.1111in"/><style:text-properties fo:font-style="italic" style:font-style-asian="italic" style:font-style-complex="italic" fo:color="#404040" fo:hyphenate="false"/></style:style><style:style style:name="CitationCar" style:display-name="Citation Car" style:family="text" style:parent-style-name="Policepardéfaut"><style:text-properties fo:font-style="italic" style:font-style-asian="italic" style:font-style-complex="italic" fo:color="#404040"/></style:style><style:style style:name="Paragraphedeliste" style:display-name="Paragraphe de liste" style:family="paragraph" style:parent-style-name="Normal"><style:paragraph-properties fo:margin-left="0.5in"><style:tab-stops/></style:paragraph-properties><style:text-properties fo:hyphenate="false"/></style:style><style:style style:name="Accentuationintense" style:display-name="Accentuation intense" style:family="text" style:parent-style-name="Policepardéfaut"><style:text-properties fo:font-style="italic" style:font-style-asian="italic" style:font-style-complex="italic" fo:color="#2F5496"/></style:style><style:style style:name="Citationintense" style:display-name="Citation intense" style:family="paragraph" style:parent-style-name="Normal" style:next-style-name="Normal"><style:paragraph-properties fo:border-top="0.0069in solid #2F5496" fo:border-left="none" fo:border-bottom="0.0069in solid #2F5496" fo:border-right="none" fo:padding-top="0.1388in" fo:padding-left="0in" fo:padding-bottom="0.1388in" fo:padding-right="0in" style:shadow="none" fo:text-align="center" fo:margin-top="0.25in" fo:margin-bottom="0.25in" fo:margin-left="0.6in" fo:margin-right="0.6in"><style:tab-stops/></style:paragraph-properties><style:text-properties fo:font-style="italic" style:font-style-asian="italic" style:font-style-complex="italic" fo:color="#2F5496" fo:hyphenate="false"/></style:style><style:style style:name="CitationintenseCar" style:display-name="Citation intense Car" style:family="text" style:parent-style-name="Policepardéfaut"><style:text-properties fo:font-style="italic" style:font-style-asian="italic" style:font-style-complex="italic" fo:color="#2F5496"/></style:style><style:style style:name="Référenceintense" style:display-name="Référence intense" style:family="text" style:parent-style-name="Policepardéfaut"><style:text-properties fo:font-weight="bold" style:font-weight-asian="bold" style:font-weight-complex="bold" fo:font-variant="small-caps" fo:color="#2F5496" fo:letter-spacing="0.0034in"/></style:style><style:style style:name="En-tête" style:display-name="En-tête" style:family="paragraph" style:parent-style-name="Normal"><style:paragraph-properties fo:margin-bottom="0in" fo:line-height="100%"><style:tab-stops><style:tab-stop style:type="center" style:position="3.15in"/><style:tab-stop style:type="right" style:position="6.3in"/></style:tab-stops></style:paragraph-properties><style:text-properties fo:hyphenate="false"/></style:style><style:style style:name="En-têteCar" style:display-name="En-tête Car" style:family="text" style:parent-style-name="Policepardéfaut"/><style:style style:name="Pieddepage" style:display-name="Pied de page" style:family="paragraph" style:parent-style-name="Normal"><style:paragraph-properties fo:margin-bottom="0in" fo:line-height="100%"><style:tab-stops><style:tab-stop style:type="center" style:position="3.15in"/><style:tab-stop style:type="right" style:position="6.3in"/></style:tab-stops></style:paragraph-properties><style:text-properties fo:hyphenate="false"/></style:style><style:style style:name="PieddepageCar" style:display-name="Pied de page Car" style:family="text" style:parent-style-name="Policepardéfaut"/><text:notes-configuration text:note-class="footnote" text:start-value="0" style:num-format="1" text:start-numbering-at="document" text:footnotes-position="page"/><text:notes-configuration text:note-class="endnote" text:start-value="0" style:num-format="i" text:start-numbering-at="document" text:footnotes-position="document"/><text:outline-style style:name="WW_OutlineListStyle"><text:outline-level-style text:level="1" style:num-format=""/><text:outline-level-style text:level="2" style:num-format=""/><text:outline-level-style text:level="3" style:num-format=""/><text:outline-level-style text:level="4" style:num-format=""/><text:outline-level-style text:level="5" style:num-format=""/><text:outline-level-style text:level="6" style:num-format=""/><text:outline-level-style text:level="7" style:num-format=""/><text:outline-level-style text:level="8" style:num-format=""/><text:outline-level-style text:level="9" style:num-format=""/></text:outline-style><style:style style:name="WW_CharLFO1LVL1" style:family="text"><style:text-properties style:font-name="Symbol"/></style:style><style:style style:name="WW_CharLFO1LVL2" style:family="text"><style:text-properties style:font-name="Courier New" style:font-name-complex="Courier New"/></style:style><style:style style:name="WW_CharLFO1LVL3" style:family="text"><style:text-properties style:font-name="Wingdings"/></style:style><style:style style:name="WW_CharLFO1LVL4" style:family="text"><style:text-properties style:font-name="Symbol"/></style:style><style:style style:name="WW_CharLFO1LVL5" style:family="text"><style:text-properties style:font-name="Courier New" style:font-name-complex="Courier New"/></style:style><style:style style:name="WW_CharLFO1LVL6" style:family="text"><style:text-properties style:font-name="Wingdings"/></style:style><style:style style:name="WW_CharLFO1LVL7" style:family="text"><style:text-properties style:font-name="Symbol"/></style:style><style:style style:name="WW_CharLFO1LVL8" style:family="text"><style:text-properties style:font-name="Courier New" style:font-name-complex="Courier New"/></style:style><style:style style:name="WW_CharLFO1LVL9" style:family="text"><style:text-properties style:font-name="Wingdings"/></style:style><style:default-page-layout><style:page-layout-properties style:layout-grid-standard-mode="true"/></style:default-page-layout><style:style style:family="graphic" style:name="Graphics"/><style:default-style style:family="graphic"><style:graphic-properties draw:fill="solid" draw:fill-color="#4472c4" draw:opacity="100%" draw:stroke="solid" svg:stroke-width="0.01389in" svg:stroke-color="#172c51" svg:stroke-opacity="100%" draw:stroke-linejoin="miter" svg:stroke-linecap="butt"/></style:default-style></office:styles><office:automatic-styles><text:list-style style:name="LFO1"><text:list-level-style-bullet text:level="1" text:style-name="WW_CharLFO1LVL1" text:bullet-char=""><style:list-level-properties text:space-before="0.25in" text:min-label-width="0.25in" text:list-level-position-and-space-mode="label-alignment"><style:list-level-label-alignment text:label-followed-by="listtab" fo:margin-left="0.5in" fo:text-indent="-0.25in"/></style:list-level-properties><style:text-properties style:font-name="Symbol"/></text:list-level-style-bullet><text:list-level-style-bullet text:level="2" text:style-name="WW_CharLFO1LVL2" text:bullet-char="o"><style:list-level-properties text:space-before="0.75in" text:min-label-width="0.25in" text:list-level-position-and-space-mode="label-alignment"><style:list-level-label-alignment text:label-followed-by="listtab" fo:margin-left="1in" fo:text-indent="-0.25in"/></style:list-level-properties><style:text-properties style:font-name="Courier New"/></text:list-level-style-bullet><text:list-level-style-bullet text:level="3" text:style-name="WW_CharLFO1LVL3" text:bullet-char=""><style:list-level-properties text:space-before="1.25in" text:min-label-width="0.25in" text:list-level-position-and-space-mode="label-alignment"><style:list-level-label-alignment text:label-followed-by="listtab" fo:margin-left="1.5in" fo:text-indent="-0.25in"/></style:list-level-properties><style:text-properties style:font-name="Wingdings"/></text:list-level-style-bullet><text:list-level-style-bullet text:level="4" text:style-name="WW_CharLFO1LVL4" text:bullet-char=""><style:list-level-properties text:space-before="1.75in" text:min-label-width="0.25in" text:list-level-position-and-space-mode="label-alignment"><style:list-level-label-alignment text:label-followed-by="listtab" fo:margin-left="2in" fo:text-indent="-0.25in"/></style:list-level-properties><style:text-properties style:font-name="Symbol"/></text:list-level-style-bullet><text:list-level-style-bullet text:level="5" text:style-name="WW_CharLFO1LVL5" text:bullet-char="o"><style:list-level-properties text:space-before="2.25in" text:min-label-width="0.25in" text:list-level-position-and-space-mode="label-alignment"><style:list-level-label-alignment text:label-followed-by="listtab" fo:margin-left="2.5in" fo:text-indent="-0.25in"/></style:list-level-properties><style:text-properties style:font-name="Courier New"/></text:list-level-style-bullet><text:list-level-style-bullet text:level="6" text:style-name="WW_CharLFO1LVL6" text:bullet-char=""><style:list-level-properties text:space-before="2.75in" text:min-label-width="0.25in" text:list-level-position-and-space-mode="label-alignment"><style:list-level-label-alignment text:label-followed-by="listtab" fo:margin-left="3in" fo:text-indent="-0.25in"/></style:list-level-properties><style:text-properties style:font-name="Wingdings"/></text:list-level-style-bullet><text:list-level-style-bullet text:level="7" text:style-name="WW_CharLFO1LVL7" text:bullet-char=""><style:list-level-properties text:space-before="3.25in" text:min-label-width="0.25in" text:list-level-position-and-space-mode="label-alignment"><style:list-level-label-alignment text:label-followed-by="listtab" fo:margin-left="3.5in" fo:text-indent="-0.25in"/></style:list-level-properties><style:text-properties style:font-name="Symbol"/></text:list-level-style-bullet><text:list-level-style-bullet text:level="8" text:style-name="WW_CharLFO1LVL8" text:bullet-char="o"><style:list-level-properties text:space-before="3.75in" text:min-label-width="0.25in" text:list-level-position-and-space-mode="label-alignment"><style:list-level-label-alignment text:label-followed-by="listtab" fo:margin-left="4in" fo:text-indent="-0.25in"/></style:list-level-properties><style:text-properties style:font-name="Courier New"/></text:list-level-style-bullet><text:list-level-style-bullet text:level="9" text:style-name="WW_CharLFO1LVL9" text:bullet-char=""><style:list-level-properties text:space-before="4.25in" text:min-label-width="0.25in" text:list-level-position-and-space-mode="label-alignment"><style:list-level-label-alignment text:label-followed-by="listtab" fo:margin-left="4.5in" fo:text-indent="-0.25in"/></style:list-level-properties><style:text-properties style:font-name="Wingdings"/></text:list-level-style-bullet></text:list-style><style:page-layout style:name="PL0"><style:page-layout-properties fo:page-width="8.268in" fo:page-height="11.693in" style:print-orientation="portrait" fo:margin-top="0.4916in" fo:margin-left="0.984in" fo:margin-bottom="0.4916in" fo:margin-right="0.984in" style:num-format="1" style:writing-mode="lr-tb"><style:footnote-sep style:width="0.007in" style:rel-width="33%" style:color="#000000" style:line-style="solid" style:adjustment="left"/></style:page-layout-properties><style:header-style><style:header-footer-properties style:dynamic-spacing="true" fo:min-height="0.4923in"/></style:header-style><style:footer-style><style:header-footer-properties style:dynamic-spacing="true" fo:min-height="0.4923in"/></style:footer-style></style:page-layout><style:style style:name="P2" style:parent-style-name="En-tête" style:family="paragraph"><style:paragraph-properties fo:text-align="center"/></style:style><style:style style:name="T3" style:parent-style-name="Policepardéfaut" style:family="text"><style:text-properties fo:font-size="16pt" style:font-size-asian="16pt" style:font-size-complex="16pt"/></style:style><style:style style:name="T4" style:parent-style-name="Policepardéfaut" style:family="text"><style:text-properties fo:font-size="16pt" style:font-size-asian="16pt" style:font-size-complex="16pt"/></style:style><style:style style:family="graphic" style:name="a0" style:parent-style-name="Graphics"><style:graphic-properties fo:border="0.01042in none" fo:background-color="transparent" style:wrap="run-through" style:run-through="foreground" fo:clip="rect(0in, 0in, 0in, 0in)" style:horizontal-rel="paragraph" style:vertical-rel="paragraph" style:horizontal-pos="from-left" style:vertical-pos="from-top"/></style:style></office:automatic-styles><office:master-styles><style:master-page style:name="MP0" style:page-layout-name="PL0"><style:header><text:p text:style-name="P2"><text:span text:style-name="T3"><draw:frame draw:z-index="251658240" draw:style-name="a0" draw:name="Image 1" text:anchor-type="paragraph" svg:x="-0.44236in" svg:y="-0.05833in" svg:width="0.40945in" svg:height="0.47638in" style:rel-width="scale" style:rel-height="scale"><draw:image xlink:href="media/image1.jpeg" xlink:type="simple" xlink:show="embed" xlink:actuate="onLoad"/><svg:title/><svg:desc/></draw:frame></text:span><text:span text:style-name="T4">Fichier de synthèse de facture en date du : 2025-09-16</text:span></text:p></style:header></style:master-page></office:master-styles></office:document-styles>